"","saleprice","floorspace"
"1",215000,153.846153846154
"2",105000,83.240431066518
"3",172000,123.467112597547
"4",244000,196.023782980305
"5",189900,151.33779264214
"6",195500,149.015235971758
"7",213500,124.303232998885
"8",191500,118.914901523597
"9",236500,150.130063173541
"10",189000,167.59568933482
"11",175900,153.753251579339
"12",185000,110.274990709773
"13",180400,136.10182088443
"14",171500,124.581939799331
"15",212000,139.539204756596
"16",538000,304.626532887402
"17",164000,162.764771460424
"18",394432,172.426607209216
"19",141000,80.2675585284281
"20",210000,192.586399108138
"21",190000,171.311780007432
"22",170000,108.974358974359
"23",216000,155.518394648829
"24",149000,93.2738758825715
"25",149900,100.148643626905
"26",142000,98.1047937569677
"27",126000,81.9397993311037
"28",115000,80.2675585284281
"29",184000,124.21033073207
"30",96000,91.6945373467113
"31",105500,101.449275362319
"32",88000,101.449275362319
"33",127500,99.3125232255667
"34",149900,135.265700483092
"35",120000,77.6662950575994
"36",146000,135.265700483092
"37",376162,216.833890746934
"38",306000,158.305462653289
"39",395192,180.230397621702
"40",290941,143.441099962839
"41",220000,143.162393162393
"42",275000,157.748049052397
"43",259000,169.267930137495
"44",214000,142.604979561501
"45",611657,219.620958751394
"46",224000,126.161278335191
"47",500000,250.464511334077
"48",320000,209.030100334448
"49",319900,162.764771460424
"50",205000,127.276105536975
"51",175500,151.059085841695
"52",199500,123.002601263471
"53",160000,106.37309550353
"54",192000,117.892976588629
"55",184500,127.647714604236
"56",216500,182.088442958008
"57",185088,160.999628390933
"58",180000,132.850241545894
"59",222500,189.056112969156
"60",333168,241.452991452991
"61",355000,229.933110367893
"62",260400,159.791898922334
"63",325000,243.589743589744
"64",290000,210.888145670754
"65",221000,170.847268673356
"66",410000,300.817539947975
"67",221500,148.17911557042
"68",204500,113.154960981048
"69",215200,143.719806763285
"70",262500,145.484949832776
"71",254900,180.880713489409
"72",271500,136.380527684876
"73",233000,193.608324043107
"74",181000,154.1248606466
"75",205000,196.023782980305
"76",143000,85.7487922705314
"77",189000,171.404682274248
"78",99500,85.2842809364548
"79",125000,69.8625046451133
"80",194500,162.021553325901
"81",152000,101.913786696395
"82",171000,145.299145299145
"83",67500,94.017094017094
"84",112000,176.70011148272
"85",148000,107.302118171683
"86",138500,83.0546265328874
"87",122000,83.6120401337793
"88",133000,96.6183574879227
"89",127000,96.6183574879227
"90",169000,138.795986622074
"91",190000,178.651059085842
"92",362500,218.227424749164
"93",285000,206.707543664065
"94",260000,138.238573021182
"95",190000,156.075808249721
"96",155000,111.482720178372
"97",151000,111.482720178372
"98",149500,111.482720178372
"99",152000,114.827201783724
"100",222000,137.309550353029
"101",177500,146.135265700483
"102",177000,140.468227424749
"103",155000,131.549609810479
"104",147110,100.334448160535
"105",267916,131.73541434411
"106",254000,171.683389074693
"107",155000,73.2069862504645
"108",206000,113.89817911557
"109",130500,137.402452619844
"110",230000,138.610182088443
"111",218500,169.918246005203
"112",243500,231.791155704199
"113",205000,149.57264957265
"114",212500,175.678186547752
"115",196500,159.234485321442
"116",197500,128.298030471944
"117",171000,152.824228911185
"118",142250,114.455592716462
"119",143000,123.374210330732
"120",128950,113.805276848755
"121",159000,112.31884057971
"122",178900,140.282422891119
"123",136300,164.901523597176
"124",180500,107.023411371237
"125",137500,97.9189892233371
"126",84900,160.535117056856
"127",142125,100.148643626905
"128",197600,228.632478632479
"129",172500,144.555927164623
"130",116500,79.7101449275362
"131",76500,121.330360460795
"132",128000,98.7551096246748
"133",153000,141.211445559272
"134",132000,117.800074321813
"135",178000,104.79375696767
"136",154300,211.259754738016
"137",180000,205.03530286139
"138",190000,175.399479747306
"139",135000,149.015235971758
"140",214000,137.495354886659
"141",136000,106.1872909699
"142",165500,157.933853586028
"143",145000,122.073578595318
"144",148000,110.92530657748
"145",142000,110.367892976589
"146",167500,117.428465254552
"147",108538,112.040133779264
"148",159500,146.78558156819
"149",108000,124.21033073207
"150",135000,98.8480118914902
"151",122500,90.3010033444816
"152",119000,91.7874396135266
"153",109000,98.197696023783
"154",105000,91.5087328130806
"155",107500,76.8301746562616
"156",144900,100.891861761427
"157",129000,86.9565217391304
"158",97500,135.451505016722
"159",144000,98.1047937569677
"160",162000,119.565217391304
"161",242000,276.662950575994
"162",132000,113.71237458194
"163",154000,115.756224451877
"164",166000,128.669639539205
"165",134800,83.6120401337793
"166",160000,103.678929765886
"167",148000,109.16016350799
"168",192000,129.598662207358
"169",155000,170.847268673356
"170",80400,171.311780007432
"171",96500,105.908584169454
"172",109500,86.9565217391304
"173",115000,95.503530286139
"174",143000,125.139353400223
"175",107400,149.108138238573
"176",80000,69.3979933110368
"177",119000,74.6934225195095
"178",130000,122.259383128948
"179",119000,116.220735785953
"180",129000,151.709401709402
"181",100000,115.663322185061
"182",12789,77.2946859903382
"183",105900,66.8896321070234
"184",150000,145.484949832776
"185",139000,153.474544778893
"186",240000,210.702341137124
"187",76500,209.58751393534
"188",149700,114.827201783724
"189",125500,126.625789669268
"190",122500,212.746191007061
"191",140750,136.566332218506
"192",128500,149.75845410628
"193",209500,192.121887774062
"194",87000,71.0702341137124
"195",134000,105.165366034931
"196",128000,111.111111111111
"197",132000,134.986993682646
"198",139900,131.549609810479
"199",123900,96.6183574879227
"200",138400,142.697881828317
"201",109500,99.2196209587514
"202",140000,158.862876254181
"203",149500,182.274247491639
"204",159900,144.927536231884
"205",122000,123.002601263471
"206",110000,75.8082497212932
"207",55000,101.449275362319
"208",140000,168.338907469342
"209",244400,223.244147157191
"210",173000,155.611296915645
"211",107500,113.71237458194
"212",100000,129.319955406912
"213",95000,85.3771832032702
"214",93369,175.027870680045
"215",114900,156.075808249721
"216",94000,94.7603121516165
"217",136000,170.196952805648
"218",136500,164.251207729469
"219",131500,96.5254552211074
"220",121500,129.319955406912
"221",125000,84.726867335563
"222",154000,98.4764028242289
"223",137900,82.8688219992568
"224",158000,125.6038647343
"225",137250,80.2675585284281
"226",160250,127.554812337421
"227",163000,133.779264214047
"228",158900,128.76254180602
"229",328000,209.959123002601
"230",270000,137.774061687105
"231",85000,70.2341137123746
"232",128000,99.1267186919361
"233",260000,141.583054626533
"234",230000,184.03939056113
"235",124000,149.57264957265
"236",83000,77.5733927907841
"237",144500,99.7770345596433
"238",129000,106.280193236715
"239",127000,142.23337049424
"240",128000,108.881456707544
"241",186000,112.597547380156
"242",308030,140.096618357488
"243",114000,120.587142326273
"244",84900,86.3991081382386
"245",178000,160.906726124117
"246",270000,133.12894834634
"247",218000,167.409884801189
"248",236000,181.06651802304
"249",147000,92.5306577480491
"250",245350,157.376439985136
"251",206000,112.225938312895
"252",198900,113.89817911557
"253",187000,113.526570048309
"254",320000,299.33110367893
"255",138500,134.243775548123
"256",155000,97.7331846897064
"257",159000,89.6506874767744
"258",191000,157.190635451505
"259",200500,156.261612783352
"260",150000,95.3177257525084
"261",161750,129.319955406912
"262",128200,83.0546265328874
"263",127000,81.3823857302118
"264",318000,183.760683760684
"265",272000,148.736529171312
"266",237000,169.918246005203
"267",240000,194.908955778521
"268",224900,154.31066518023
"269",143750,78.7811222593831
"270",143000,78.7811222593831
"271",232000,154.960981047938
"272",213000,137.86696395392
"273",185500,131.363805276849
"274",84900,59.4574507617986
"275",155891,92.1590486807878
"276",100000,154.589371980676
"277",144000,111.111111111111
"278",64000,104.050538833148
"279",125200,101.82088442958
"280",107000,103.771832032702
"281",90000,89.1861761426979
"282",140000,104.143441099963
"283",113000,138.145670754366
"284",80000,85.8416945373467
"285",144500,141.768859160164
"286",104000,120.401337792642
"287",128000,153.010033444816
"288",58500,80.2675585284281
"289",127000,157.09773318469
"290",126000,79.5243403939056
"291",160000,246.191007060572
"292",100000,154.775176514307
"293",169000,227.331846897064
"294",257500,198.160535117057
"295",215000,202.248234856931
"296",266500,217.391304347826
"297",335000,176.70011148272
"298",203135,153.474544778893
"299",185000,96.0609438870308
"300",162500,110.646599777035
"301",289000,167.316982534374
"302",125500,107.209215904868
"303",82000,50.1672240802676
"304",110000,102.842809364549
"305",68400,104.79375696767
"306",102776,109.438870308436
"307",55993,96.989966555184
"308",50138,88.4429580081754
"309",246000,152.917131178001
"310",254900,178.000743218135
"311",190000,119.379412857674
"312",201000,144.927536231884
"313",169900,96.0609438870308
"314",170000,190.263842437755
"315",160000,156.726124117428
"316",220000,125.046451133408
"317",179781,112.783351913787
"318",174000,134.150873281308
"319",269500,182.831661092531
"320",214900,175.956893348198
"321",202900,177.257525083612
"322",378500,187.476774433296
"323",169000,117.428465254552
"324",173500,132.850241545894
"325",139000,169.453734671126
"326",166500,124.860646599777
"327",83500,101.449275362319
"328",119500,87.7926421404682
"329",85000,103.307320698625
"330",76000,101.449275362319
"331",75500,58.5284280936455
"332",88250,101.449275362319
"333",85500,101.449275362319
"334",130000,81.1965811965812
"335",157900,110.367892976589
"336",149900,77.3875882571535
"337",159000,225.938312894835
"338",136000,118.357487922705
"339",161000,137.402452619844
"340",285000,167.502787068004
"341",231000,166.945373467113
"342",124500,81.9397993311037
"343",157000,133.221850613155
"344",345000,251.207729468599
"345",189500,149.386845039019
"346",270000,212.095875139353
"347",189000,151.244890375325
"348",377500,162.207357859532
"349",168500,136.937941285767
"350",375000,234.299516908213
"351",278000,154.1248606466
"352",240000,137.309550353029
"353",239500,161.092530657748
"354",177500,128.390932738759
"355",185000,159.606094388703
"356",191000,151.988108509848
"357",178000,145.949461166852
"358",185000,136.566332218506
"359",181316,140.83983649201
"360",166000,110.553697510219
"361",178000,147.993311036789
"362",174000,137.588257153475
"363",173000,108.416945373467
"364",225000,184.22519509476
"365",180500,133.965068747677
"366",187500,126.347082868822
"367",501837,207.543664065403
"368",372500,190.078037904125
"369",260000,142.140468227425
"370",185000,179.67298402081
"371",260000,218.599033816425
"372",181000,147.342995169082
"373",82500,131.085098476403
"374",215000,148.829431438127
"375",154000,190.449646971386
"376",200000,155.239687848384
"377",249000,248.327759197324
"378",187500,136.752136752137
"379",184000,158.584169453735
"380",278000,234.485321441843
"381",157000,148.736529171312
"382",152000,127.276105536975
"383",197500,173.541434411
"384",240900,175.027870680045
"385",263435,179.765886287625
"386",220000,174.098848011892
"387",235000,168.246005202527
"388",213000,150.594574507618
"389",167900,103.678929765886
"390",158000,110.832404310665
"391",165000,125.418060200669
"392",158000,196.859903381643
"393",136000,166.480862133036
"394",148500,93.0880713489409
"395",156000,95.3177257525084
"396",128000,109.624674842066
"397",143000,97.5473801560758
"398",76500,80.2675585284281
"399",120500,80.2675585284281
"400",124500,80.2675585284281
"401",97000,80.2675585284281
"402",130000,80.2675585284281
"403",111000,91.6945373467113
"404",125000,126.811594202899
"405",112000,120.958751393534
"406",97000,91.6945373467113
"407",118000,91.6945373467113
"408",119500,120.958751393534
"409",143750,89.0003716090673
"410",146000,143.8127090301
"411",148500,135.265700483092
"412",123000,98.0118914901524
"413",147000,122.81679672984
"414",137900,135.265700483092
"415",147000,143.8127090301
"416",148500,133.872166480862
"417",138000,135.265700483092
"418",128500,77.6662950575994
"419",100000,82.8688219992568
"420",148800,104.050538833148
"421",337500,159.606094388703
"422",462000,257.52508361204
"423",485000,291.713117800074
"424",555000,223.151244890375
"425",325000,153.474544778893
"426",256300,148.643626904496
"427",253293,189.706428836864
"428",398800,249.907097733185
"429",335000,202.898550724638
"430",404000,187.662578966927
"431",402861,187.662578966927
"432",451950,213.303604607952
"433",610000,248.42066146414
"434",582933,262.170196952806
"435",360000,161.278335191379
"436",296000,165.551839464883
"437",409900,234.113712374582
"438",255500,159.513192121888
"439",335000,161.928651059086
"440",274900,159.141583054627
"441",300000,142.23337049424
"442",324000,167.967298402081
"443",350000,206.61464139725
"444",280000,170.56856187291
"445",284000,151.33779264214
"446",269500,163.507989594946
"447",233170,139.539204756596
"448",386250,222.222222222222
"449",445000,227.796358231141
"450",290000,222.965440356745
"451",255900,149.201040505388
"452",213000,126.161278335191
"453",196000,121.330360460795
"454",184500,121.330360460795
"455",212500,126.161278335191
"456",230000,122.073578595318
"457",552000,231.512448903753
"458",382500,204.384986993683
"459",320000,175.027870680045
"460",248500,135.265700483092
"461",286500,159.048680787811
"462",254000,123.002601263471
"463",173000,130.527684875511
"464",173000,151.059085841695
"465",184000,135.265700483092
"466",167800,138.424377554812
"467",174000,137.86696395392
"468",174000,144.927536231884
"469",174000,144.463024897808
"470",175900,145.763656633222
"471",192500,144.463024897808
"472",181000,139.725009290227
"473",180000,113.340765514679
"474",160200,106.37309550353
"475",188500,133.036046079524
"476",200000,210.609438870308
"477",170000,127.647714604236
"478",189500,151.430694908956
"479",184100,131.828316610925
"480",195500,148.086213303605
"481",192000,138.331475287997
"482",178000,124.674842066146
"483",207500,122.073578595318
"484",236000,209.58751393534
"485",257500,186.176142697882
"486",244000,190.821256038647
"487",167000,127.647714604236
"488",179000,167.224080267559
"489",190000,140.65403195838
"490",156000,132.850241545894
"491",245000,214.790040876997
"492",181000,155.611296915645
"493",214000,191.378669639539
"494",168000,132.850241545894
"495",337000,219.713861018209
"496",403000,259.568933481977
"497",327000,249.628390932739
"498",340000,227.61055369751
"499",336000,242.66072092159
"500",265000,217.762913415087
"501",315000,191.657376439985
"502",260000,245.819397993311
"503",260000,191.471571906355
"504",263550,207.357859531773
"505",402000,227.42474916388
"506",248000,171.869193608324
"507",244600,136.380527684876
"508",275000,157.562244518766
"509",257500,154.031958379784
"510",287090,146.59977703456
"511",275500,158.119658119658
"512",245000,133.036046079524
"513",253000,183.110367892977
"514",468000,231.326644370123
"515",252678,172.054998141955
"516",210000,147.714604236343
"517",208300,113.154960981048
"518",225000,133.407655146786
"519",229456,122.073578595318
"520",229800,130.248978075065
"521",250000,142.140468227425
"522",370878,164.065403195838
"523",238500,134.522482348569
"524",310000,186.454849498328
"525",270000,166.759568933482
"526",252000,181.438127090301
"527",241000,143.998513563731
"528",264500,170.56856187291
"529",291000,154.403567447046
"530",263000,194.53734671126
"531",185000,113.433667781494
"532",234500,144.277220364177
"533",209000,153.567447045708
"534",159000,113.154960981048
"535",152000,106.001486436269
"536",143500,107.580824972129
"537",193000,168.338907469342
"538",203000,140.468227424749
"539",184900,111.482720178372
"540",159000,103.493125232256
"541",142000,103.493125232256
"542",153000,103.493125232256
"543",224243,134.7082868822
"544",220000,197.138610182088
"545",257000,171.311780007432
"546",189000,133.221850613155
"547",171500,160.720921590487
"548",120000,113.062058714233
"549",145000,123.745819397993
"550",184000,143.069490895578
"551",162000,130.063173541434
"552",160000,174.842066146414
"553",82000,78.130806391676
"554",76000,72.8353771832033
"555",110000,91.0442214790041
"556",135000,91.0442214790041
"557",141000,80.2675585284281
"558",122000,80.2675585284281
"559",124100,94.7603121516165
"560",129000,84.726867335563
"561",131400,106.280193236715
"562",62383,80.2675585284281
"563",123000,84.726867335563
"564",275000,187.105165366035
"565",235000,163.04347826087
"566",280750,279.171311780007
"567",164500,113.71237458194
"568",173733,113.71237458194
"569",222000,160.349312523226
"570",195000,116.68524712003
"571",172500,136.659234485321
"572",180000,140.468227424749
"573",156000,134.894091415831
"574",172500,161.557041991825
"575",318750,157.376439985136
"576",211500,113.89817911557
"577",241600,161.64994425864
"578",180500,232.16276477146
"579",150000,150.501672240803
"580",154000,144.555927164623
"581",185000,133.965068747677
"582",185750,138.331475287997
"583",200000,194.165737643999
"584",206000,192.028985507246
"585",162000,129.598662207358
"586",256900,245.261984392419
"587",197900,160.163507989595
"588",163000,124.117428465255
"589",113000,112.969156447417
"590",230000,212.56038647343
"591",167900,123.931623931624
"592",213250,156.075808249721
"593",227000,154.682274247492
"594",130000,80.2675585284281
"595",143000,145.670754366407
"596",117500,85.934596804162
"597",168500,191.471571906355
"598",172500,122.63099219621
"599",161500,124.674842066146
"600",141500,83.0546265328874
"601",118000,80.2675585284281
"602",127500,80.2675585284281
"603",140000,126.532887402453
"604",177625,160.535117056856
"605",110000,164.994425863991
"606",167000,140.83983649201
"607",153000,121.980676328502
"608",145100,120.029728725381
"609",154000,107.209215904868
"610",177500,198.810850984764
"611",158000,134.243775548123
"612",124500,96.711259754738
"613",174500,146.413972500929
"614",122000,89.1861761426979
"615",82500,65.7748049052397
"616",110000,111.761426978818
"617",149500,139.817911557042
"618",175000,157.09773318469
"619",167000,152.73132664437
"620",128900,97.5473801560758
"621",140000,154.960981047938
"622",147000,103.40022296544
"623",124000,147.157190635452
"624",187500,134.986993682646
"625",159000,129.505759940543
"626",256000,145.577852099591
"627",205000,184.503901895206
"628",193500,198.996655518395
"629",110000,129.319955406912
"630",104900,161.464139725009
"631",150000,106.280193236715
"632",156500,137.309550353029
"633",176000,123.467112597547
"634",149500,91.7874396135266
"635",139000,151.616499442586
"636",155000,112.876254180602
"637",120000,111.668524712003
"638",153000,128.390932738759
"639",144000,111.482720178372
"640",176000,128.390932738759
"641",153000,120.494240059457
"642",135000,173.355629877369
"643",131000,98.6622073578595
"644",123000,122.538089929394
"645",126000,103.307320698625
"646",115000,93.3667781493868
"647",164900,126.625789669268
"648",113000,73.6714975845411
"649",145500,95.7822370865849
"650",102900,112.411742846525
"651",95000,157.840951319212
"652",152500,141.861761426979
"653",129900,111.482720178372
"654",132000,90.3010033444816
"655",99900,73.5785953177258
"656",135000,153.846153846154
"657",149000,125.6038647343
"658",114000,96.5254552211074
"659",109500,73.5785953177258
"660",125000,100.148643626905
"661",142900,220.828688219993
"662",156500,157.004830917874
"663",59000,55.6484578223709
"664",105000,127.647714604236
"665",106000,78.5953177257525
"666",78500,67.3541434411
"667",190000,236.343366778149
"668",154000,128.205128205128
"669",163000,96.6183574879227
"670",200000,244.704570791527
"671",143500,88.3500557413601
"672",135000,102.657004830918
"673",153000,121.330360460795
"674",157500,137.309550353029
"675",113500,106.094388703084
"676",133000,117.800074321813
"677",92900,96.6183574879227
"678",128500,105.258268301747
"679",90000,96.6183574879227
"680",138000,176.885916016351
"681",128000,96.711259754738
"682",139000,124.3961352657
"683",118900,68.0044593088071
"684",138000,109.903381642512
"685",132500,106.651802303976
"686",133500,135.730211817168
"687",135000,138.888888888889
"688",144750,167.78149386845
"689",145000,87.421033073207
"690",127000,97.0828688219993
"691",109500,83.0546265328874
"692",115000,113.71237458194
"693",110000,114.269788182832
"694",128900,128.019323671498
"695",103500,180.602006688963
"696",66500,105.072463768116
"697",130000,121.330360460795
"698",129000,136.008918617614
"699",150000,144.741731698253
"700",107500,220.364176885916
"701",94550,158.026755852843
"702",124500,182.088442958008
"703",135000,129.041248606466
"704",103000,134.429580081754
"705",93000,86.9565217391304
"706",129500,123.374210330732
"707",93000,128.855444072835
"708",80000,79.9888517279822
"709",45000,56.8561872909699
"710",37900,89.9293942772204
"711",91300,82.3114083983649
"712",99500,73.5785953177258
"713",113000,134.894091415831
"714",87500,140.282422891119
"715",110000,119.286510590858
"716",106000,198.625046451133
"717",265979,245.261984392419
"718",160000,186.454849498328
"719",119000,119.65811965812
"720",168000,161.835748792271
"721",58500,75.8082497212932
"722",143000,137.68115942029
"723",85000,94.9461166852471
"724",124900,173.634336677815
"725",119000,137.495354886659
"726",146500,141.304347826087
"727",34900,66.8896321070234
"728",44000,74.0431066518023
"729",223500,146.413972500929
"730",149000,133.036046079524
"731",205000,143.8127090301
"732",137000,153.660349312523
"733",121000,88.4429580081754
"734",128000,123.002601263471
"735",134900,109.253065774805
"736",117000,125.232255667038
"737",132500,131.178000743218
"738",93000,106.094388703084
"739",119000,83.9836492010405
"740",100000,120.865849126719
"741",141500,142.976588628763
"742",133000,146.135265700483
"743",60000,74.3218134522482
"744",105000,81.2894834633965
"745",115000,92.4377554812338
"746",150000,146.971386101821
"747",126500,99.5912300260126
"748",214500,198.253437383872
"749",167500,187.569676700112
"750",155000,164.251207729469
"751",155000,169.639539204757
"752",179900,180.602006688963
"753",104000,207.079152731327
"754",62500,197.69602378298
"755",149000,179.301374953549
"756",103000,112.225938312895
"757",123000,132.571534745448
"758",97500,173.169825343738
"759",135000,154.775176514307
"760",70000,82.8688219992568
"761",116000,130.34188034188
"762",88750,65.4031958379784
"763",179000,111.482720178372
"764",179000,111.482720178372
"765",159900,107.023411371237
"766",61000,83.9836492010405
"767",103600,127.18320327016
"768",63000,103.307320698625
"769",175000,136.008918617614
"770",139000,104.143441099963
"771",172500,156.354515050167
"772",113500,97.7331846897064
"773",130000,83.519137866964
"774",149900,96.0609438870308
"775",134900,79.7101449275362
"776",137000,79.8959494611669
"777",139000,101.449275362319
"778",165000,164.80862133036
"779",148000,105.722779635823
"780",165000,192.400594574508
"781",63900,61.3154960981048
"782",161500,166.109253065775
"783",143000,136.845039018952
"784",135000,114.176885916016
"785",82500,79.9888517279822
"786",190000,173.448532144184
"787",139600,160.999628390933
"788",122000,128.483835005574
"789",127500,156.911928651059
"790",121500,99.684132292828
"791",60000,118.543292456336
"792",154400,152.266815310294
"793",113000,62.4303232998885
"794",125000,101.170568561873
"795",84000,78.5024154589372
"796",139500,97.4544778892605
"797",131000,159.420289855072
"798",105000,116.87105165366
"799",108000,140.282422891119
"800",162000,98.5693050910442
"801",156500,124.303232998885
"802",316600,198.067632850242
"803",271900,204.013377926421
"804",213000,164.901523597176
"805",239900,174.563359345968
"806",239500,187.662578966927
"807",131000,187.290969899666
"808",118964,142.604979561501
"809",153337,113.71237458194
"810",147983,206.986250464511
"811",118858,142.604979561501
"812",118858,142.604979561501
"813",142953,208.101077666295
"814",148325,114.176885916016
"815",113722,140.561129691564
"816",269500,258.91861761427
"817",269500,258.91861761427
"818",269500,258.91861761427
"819",323262,156.075808249721
"820",297000,159.606094388703
"821",295493,151.430694908956
"822",332000,159.791898922334
"823",239900,136.380527684876
"824",212000,164.251207729469
"825",272500,170.75436640654
"826",239000,167.224080267559
"827",220000,149.015235971758
"828",200000,119.84392419175
"829",221800,116.499442586399
"830",194500,114.455592716462
"831",237000,139.167595689335
"832",173000,132.107023411371
"833",275000,152.73132664437
"834",233500,163.415087328131
"835",185000,197.51021924935
"836",152000,96.6183574879227
"837",143000,91.9732441471572
"838",231500,163.879598662207
"839",212000,154.31066518023
"840",207000,135.916016350799
"841",145000,101.913786696395
"842",138000,91.9732441471572
"843",197900,165.273132664437
"844",204000,139.446302489781
"845",192000,132.943143812709
"846",200000,164.62281679673
"847",195000,154.217762913415
"848",227000,146.135265700483
"849",230000,170.940170940171
"850",187100,132.850241545894
"851",203000,134.150873281308
"852",201000,138.610182088443
"853",124000,96.6183574879227
"854",140000,84.2623560014864
"855",134900,84.9126718691936
"856",150500,96.6183574879227
"857",136500,80.2675585284281
"858",143500,117.800074321813
"859",133500,80.2675585284281
"860",123000,83.0546265328874
"861",133900,71.3489409141583
"862",133000,71.3489409141583
"863",250000,149.665551839465
"864",254750,202.898550724638
"865",236500,166.109253065775
"866",261500,173.913043478261
"867",313000,200.018580453363
"868",198500,160.25641025641
"869",211000,173.72723894463
"870",220000,140.561129691564
"871",203000,139.725009290227
"872",279500,169.825343738387
"873",210000,131.642512077295
"874",219500,188.963210702341
"875",191000,159.420289855072
"876",178000,112.597547380156
"877",213000,151.430694908956
"878",144000,78.7811222593831
"879",140000,78.7811222593831
"880",293200,148.829431438127
"881",190000,160.535117056856
"882",190000,139.353400222965
"883",173500,137.123745819398
"884",170000,129.691564474173
"885",108000,104.607952434039
"886",167000,138.052768487551
"887",100000,75.8082497212932
"888",198500,178.558156819026
"889",159500,132.478632478632
"890",127000,106.744704570792
"891",125000,104.515050167224
"892",320000,157.748049052397
"893",145500,99.5912300260126
"894",118000,64.8457822370866
"895",85000,81.3823857302118
"896",120000,127.090301003344
"897",98000,142.047565960609
"898",99900,80.2675585284281
"899",82000,87.6997398736529
"900",119900,155.890003716091
"901",103500,144.927536231884
"902",112000,89.1861761426979
"903",110000,111.111111111111
"904",122000,120.587142326273
"905",117000,149.015235971758
"906",160000,117.800074321813
"907",159434,141.211445559272
"908",60000,40.6911928651059
"909",139500,138.331475287997
"910",197000,286.324786324786
"911",105000,115.384615384615
"912",135000,184.03939056113
"913",147500,114.455592716462
"914",137450,149.386845039019
"915",155000,105.444072835377
"916",177000,177.722036417689
"917",145000,137.216648086213
"918",137000,114.083983649201
"919",234000,193.236714975845
"920",205000,145.577852099591
"921",177500,138.795986622074
"922",160000,121.516164994426
"923",155000,118.26458565589
"924",163500,89.5577852099591
"925",154900,124.767744332962
"926",205000,230.39762170197
"927",144800,103.307320698625
"928",174500,145.299145299145
"929",193000,145.020438498699
"930",158000,141.490152359718
"931",158500,107.023411371237
"932",224000,177.071720549981
"933",115000,95.8751393534002
"934",137000,114.176885916016
"935",121000,114.176885916016
"936",124000,114.176885916016
"937",208000,184.132292827945
"938",315000,219.713861018209
"939",222000,156.075808249721
"940",147000,124.860646599777
"941",123000,201.412114455593
"942",78000,110.73950204385
"943",85000,141.768859160164
"944",75000,53.1400966183575
"945",230000,153.102935711631
"946",57625,75.2508361204013
"947",251000,190.635451505017
"948",239686,199.646971386102
"949",240000,158.862876254181
"950",215000,182.181345224824
"951",156450,86.0274990709773
"952",173000,119.565217391304
"953",126000,161.092530657748
"954",173000,113.062058714233
"955",152000,148.17911557042
"956",137500,124.860646599777
"957",375000,189.149015235972
"958",315500,150.501672240803
"959",224500,157.190635451505
"960",410000,189.149015235972
"961",316500,152.452619843924
"962",201000,136.194723151245
"963",175000,131.178000743218
"964",204000,207.822370865849
"965",213500,137.402452619844
"966",220000,120.401337792642
"967",170000,187.105165366035
"968",315000,170.75436640654
"969",425000,183.760683760684
"970",139500,93.6454849498328
"971",115000,164.529914529915
"972",162000,111.854329245634
"973",165000,113.71237458194
"974",91000,91.7874396135266
"975",130000,81.1965811965812
"976",86000,58.5284280936455
"977",160000,130.434782608696
"978",80000,58.5284280936455
"979",97000,124.860646599777
"980",88000,101.449275362319
"981",131900,73.950204384987
"982",131250,101.356373095504
"983",165500,103.121516164994
"984",112000,77.3875882571535
"985",149000,82.032701597919
"986",143000,126.532887402453
"987",130000,119.565217391304
"988",196000,145.577852099591
"989",173000,151.616499442586
"990",176500,131.363805276849
"991",237500,196.674098848012
"992",206900,196.209587513935
"993",187500,149.015235971758
"994",165000,136.566332218506
"995",195500,149.015235971758
"996",192000,152.173913043478
"997",173000,151.988108509848
"998",177900,128.576737272389
"999",175000,134.336677814939
"1000",286000,147.993311036789
"1001",247900,156.261612783352
"1002",180000,124.21033073207
"1003",180000,118.914901523597
"1004",181000,149.015235971758
"1005",183000,151.709401709402
"1006",188000,154.031958379784
"1007",194500,176.049795615013
"1008",185000,158.769973987365
"1009",189000,114.083983649201
"1010",188500,124.21033073207
"1011",355000,232.255667038276
"1012",325000,232.627276105537
"1013",387000,175.027870680045
"1014",115000,136.937941285767
"1015",334000,158.862876254181
"1016",133000,138.238573021182
"1017",215000,194.444444444444
"1018",226500,156.819026384244
"1019",175500,132.107023411371
"1020",181900,117.056856187291
"1021",235000,191.7502787068
"1022",220000,165.551839464883
"1023",272000,266.815310293571
"1024",161000,112.504645113341
"1025",175000,104.607952434039
"1026",185000,189.892233370494
"1027",146900,121.516164994426
"1028",292500,263.842437755481
"1029",180000,141.490152359718
"1030",159900,134.150873281308
"1031",205000,182.460052025269
"1032",157000,109.438870308436
"1033",306000,217.391304347826
"1034",133000,166.480862133036
"1035",151000,97.9189892233371
"1036",111900,86.9565217391304
"1037",123000,80.2675585284281
"1038",111250,80.2675585284281
"1039",181000,124.21033073207
"1040",103400,91.6945373467113
"1041",100000,91.6945373467113
"1042",100500,91.6945373467113
"1043",106000,91.6945373467113
"1044",85400,91.6945373467113
"1045",89500,91.6945373467113
"1046",111750,120.958751393534
"1047",140000,99.3125232255667
"1048",143000,135.265700483092
"1049",148500,98.0118914901524
"1050",110000,82.8688219992568
"1051",394617,179.48717948718
"1052",426000,216.648086213304
"1053",385000,193.608324043107
"1054",446261,252.043849869937
"1055",317500,146.971386101821
"1056",372402,158.862876254181
"1057",417500,228.911185432925
"1058",383000,181.159420289855
"1059",390000,255.295429208473
"1060",460000,259.197324414716
"1061",379000,216.555183946488
"1062",250000,193.979933110368
"1063",316000,216.648086213304
"1064",615000,229.468599033816
"1065",412500,247.863247863248
"1066",284000,190.078037904125
"1067",284000,146.321070234114
"1068",421250,246.098104793757
"1069",370000,249.907097733185
"1070",336860,173.355629877369
"1071",367294,158.119658119658
"1072",192000,126.997398736529
"1073",274000,141.025641025641
"1074",266000,156.447417316983
"1075",370967,167.224080267559
"1076",234250,124.674842066146
"1077",219500,124.674842066146
"1078",155000,151.059085841695
"1079",154000,151.059085841695
"1080",207000,126.161278335191
"1081",195000,135.172798216276
"1082",219990,146.413972500929
"1083",191000,139.725009290227
"1084",159895,117.614269788183
"1085",187687,115.756224451877
"1086",179000,140.746934225195
"1087",193000,147.993311036789
"1088",190000,108.324043106652
"1089",176000,135.265700483092
"1090",188000,159.791898922334
"1091",213000,184.503901895206
"1092",217300,126.161278335191
"1093",186500,166.480862133036
"1094",226750,175.771088814567
"1095",184000,138.424377554812
"1096",176000,131.363805276849
"1097",225000,215.719063545151
"1098",185900,153.381642512077
"1099",284500,204.292084726867
"1100",315000,244.332961724266
"1101",250000,204.199182460052
"1102",291000,201.783723522854
"1103",350000,186.361947231512
"1104",279500,197.417316982534
"1105",290000,232.348569305091
"1106",350000,196.302489780751
"1107",341000,224.63768115942
"1108",287500,204.106280193237
"1109",271000,197.603121516165
"1110",301500,184.596804162022
"1111",235128,146.78558156819
"1112",214000,179.580081753995
"1113",232000,146.228167967298
"1114",240000,146.59977703456
"1115",264132,139.910813823857
"1116",245000,145.20624303233
"1117",227680,132.664437012263
"1118",257000,172.891118543292
"1119",297900,174.098848011892
"1120",247000,135.637309550353
"1121",212700,127.461910070606
"1122",250580,127.461910070606
"1123",182000,132.664437012263
"1124",226700,164.251207729469
"1125",250000,185.061315496098
"1126",250000,181.902638424378
"1127",339750,193.050910442215
"1128",205950,154.682274247492
"1129",256000,154.217762913415
"1130",230348,113.154960981048
"1131",207500,160.535117056856
"1132",141000,100.334448160535
"1133",188000,157.562244518766
"1134",192500,154.496469713861
"1135",146000,109.16016350799
"1136",159000,103.493125232256
"1137",155000,103.493125232256
"1138",173000,152.359717577109
"1139",170000,107.952434039391
"1140",182000,149.479747305834
"1141",163000,156.075808249721
"1142",193500,155.982905982906
"1143",189000,153.939056112969
"1144",190500,155.797101449275
"1145",175000,161.371237458194
"1146",179200,120.215533259012
"1147",187000,158.862876254181
"1148",193000,150.222965440357
"1149",153900,111.389817911557
"1150",128000,91.4158305462653
"1151",144000,84.726867335563
"1152",135000,80.2675585284281
"1153",115000,82.6830174656262
"1154",119916,80.2675585284281
"1155",142000,84.726867335563
"1156",192000,132.850241545894
"1157",140000,152.452619843924
"1158",290000,249.256781865478
"1159",372500,258.825715347454
"1160",196000,129.227053140097
"1161",171900,116.127833519138
"1162",178000,115.663322185061
"1163",165000,111.482720178372
"1164",146000,129.319955406912
"1165",146000,129.319955406912
"1166",179400,139.446302489781
"1167",172900,143.905611296916
"1168",300000,152.173913043478
"1169",285000,121.701969528056
"1170",290000,131.828316610925
"1171",305000,144.648829431438
"1172",328900,158.769973987365
"1173",160000,116.313638052768
"1174",170000,130.434782608696
"1175",223000,166.20215533259
"1176",170000,147.342995169082
"1177",200000,149.293942772204
"1178",345000,222.315124489038
"1179",245500,119.65811965812
"1180",217500,115.105908584169
"1181",324000,159.698996655518
"1182",162500,114.455592716462
"1183",150000,273.504273504273
"1184",290000,155.239687848384
"1185",205000,168.338907469342
"1186",174000,156.261612783352
"1187",183000,132.571534745448
"1188",150000,161.64994425864
"1189",145000,116.87105165366
"1190",215000,150.501672240803
"1191",140500,150.966183574879
"1192",240000,242.846525455221
"1193",141000,136.008918617614
"1194",147000,84.726867335563
"1195",135000,85.934596804162
"1196",145000,160.535117056856
"1197",142600,160.535117056856
"1198",135000,153.846153846154
"1199",170000,155.146785581568
"1200",299800,252.229654403567
"1201",185000,174.284652545522
"1202",173000,151.616499442586
"1203",178400,92.809364548495
"1204",176000,183.760683760684
"1205",98000,94.2028985507246
"1206",109008,84.2623560014864
"1207",135750,88.4429580081754
"1208",155000,104.79375696767
"1209",180500,132.385730211817
"1210",174900,108.231140839836
"1211",140000,105.536975102192
"1212",145000,101.449275362319
"1213",179900,117.521367521368
"1214",168500,125.418060200669
"1215",140000,103.493125232256
"1216",145500,97.8260869565217
"1217",142000,116.313638052768
"1218",141000,102.192493496841
"1219",153000,103.864734299517
"1220",72500,66.8896321070234
"1221",52000,67.7257525083612
"1222",118000,100.055741360089
"1223",87000,84.1694537346711
"1224",141500,138.981791155704
"1225",119000,116.313638052768
"1226",141500,124.21033073207
"1227",165500,154.31066518023
"1228",112900,96.2467484206615
"1229",201800,169.082125603865
"1230",163000,126.532887402453
"1231",139950,106.280193236715
"1232",174000,142.790784095132
"1233",165000,132.943143812709
"1234",227000,184.689706428837
"1235",135000,102.006688963211
"1236",124000,106.280193236715
"1237",140000,119.193608324043
"1238",136500,109.253065774805
"1239",185000,133.779264214047
"1240",163000,117.149758454106
"1241",166800,145.856558900037
"1242",139000,111.111111111111
"1243",166000,129.319955406912
"1244",136000,100.334448160535
"1245",133000,102.564102564103
"1246",116000,81.9397993311037
"1247",137500,107.023411371237
"1248",130000,88.2571534745448
"1249",180000,166.295057599405
"1250",139000,88.4429580081754
"1251",110000,71.8134522482349
"1252",100000,163.879598662207
"1253",118500,112.969156447417
"1254",146000,169.453734671126
"1255",89900,80.7320698625046
"1256",114000,107.673727238945
"1257",140000,144.741731698253
"1258",86900,62.4303232998885
"1259",139000,133.407655146786
"1260",106250,120.215533259012
"1261",171000,159.420289855072
"1262",139000,96.989966555184
"1263",186000,121.887774061687
"1264",157000,116.406540319584
"1265",148000,100.42735042735
"1266",242000,192.214790040877
"1267",116000,84.5410628019324
"1268",94000,81.3823857302118
"1269",98300,97.3615756224452
"1270",127000,140.003716090673
"1271",159000,116.68524712003
"1272",125900,95.4106280193237
"1273",155000,117.892976588629
"1274",138000,122.63099219621
"1275",112500,91.4158305462653
"1276",105500,77.2946859903382
"1277",127500,118.729096989967
"1278",130000,167.224080267559
"1279",150000,147.528799702713
"1280",109500,76.644370122631
"1281",140000,166.852471200297
"1282",167900,149.665551839465
"1283",136870,103.771832032702
"1284",143000,105.258268301747
"1285",73000,70.9773318468971
"1286",157500,142.976588628763
"1287",122600,122.909698996656
"1288",111000,126.347082868822
"1289",256000,259.383128948346
"1290",64000,62.4303232998885
"1291",139500,135.265700483092
"1292",118000,148.086213303605
"1293",200000,193.422519509476
"1294",119164,153.846153846154
"1295",122250,161.64994425864
"1296",120000,95.4106280193237
"1297",155000,133.407655146786
"1298",78000,83.519137866964
"1299",95000,100.334448160535
"1300",115000,73.2998885172798
"1301",147000,104.236343366778
"1302",140000,139.26049795615
"1303",46500,37.8112225938313
"1304",112500,86.213303604608
"1305",107900,83.7049424005946
"1306",65000,147.528799702713
"1307",295000,324.507617985879
"1308",139500,151.15198810851
"1309",153900,131.549609810479
"1310",132000,134.7082868822
"1311",98000,124.860646599777
"1312",114000,94.4816053511706
"1313",130000,218.320327015979
"1314",129500,191.192865105909
"1315",129400,143.069490895578
"1316",161000,128.019323671498
"1317",163000,177.629134150873
"1318",128000,137.86696395392
"1319",122000,219.063545150502
"1320",116900,103.21441843181
"1321",325000,257.803790412486
"1322",55000,100.891861761427
"1323",184000,231.791155704199
"1324",110000,91.4158305462653
"1325",131500,166.759568933482
"1326",97000,81.9397993311037
"1327",115500,101.542177629134
"1328",138000,106.1872909699
"1329",108000,154.960981047938
"1330",79500,86.8636194723151
"1331",153000,161.464139725009
"1332",109500,72.8353771832033
"1333",124000,112.411742846525
"1334",106900,119.84392419175
"1335",164900,155.332590115199
"1336",119000,88.1642512077295
"1337",120000,107.580824972129
"1338",157000,139.07469342252
"1339",105000,124.674842066146
"1340",113000,94.1099962839093
"1341",115000,112.969156447417
"1342",79000,83.240431066518
"1343",123000,105.536975102192
"1344",81300,75.0650315867707
"1345",162900,146.135265700483
"1346",150000,186.640654031958
"1347",123500,176.70011148272
"1348",129900,164.80862133036
"1349",128000,126.532887402453
"1350",68500,48.3091787439614
"1351",127000,119.379412857674
"1352",207000,171.683389074693
"1353",184000,169.082125603865
"1354",162500,159.420289855072
"1355",145000,139.817911557042
"1356",130000,77.85209959123
"1357",160000,184.318097361576
"1358",161000,154.775176514307
"1359",127500,149.479747305834
"1360",93850,71.3489409141583
"1361",136000,142.697881828317
"1362",141000,182.924563359346
"1363",120000,121.516164994426
"1364",127500,96.6183574879227
"1365",127000,114.827201783724
"1366",89500,130.620587142326
"1367",125000,76.644370122631
"1368",79900,111.296915644742
"1369",85000,70.5128205128205
"1370",82375,124.860646599777
"1371",135000,136.473429951691
"1372",124000,97.9189892233371
"1373",134000,112.504645113341
"1374",135000,118.078781122259
"1375",134432,147.528799702713
"1376",127500,125.882571534745
"1377",148000,99.8699368264586
"1378",129500,96.6183574879227
"1379",157500,101.82088442958
"1380",109900,83.9836492010405
"1381",145000,92.1590486807878
"1382",130000,83.0546265328874
"1383",153000,96.0609438870308
"1384",120000,99.684132292828
"1385",152000,104.607952434039
"1386",108959,116.87105165366
"1387",95541,105.908584169454
"1388",80000,93.4596804162022
"1389",149350,114.083983649201
"1390",144900,89.1861761426979
"1391",185000,110.367892976589
"1392",165000,128.483835005574
"1393",235000,116.313638052768
"1394",140000,148.736529171312
"1395",108000,62.4303232998885
"1396",145000,159.884801189149
"1397",152400,125.418060200669
"1398",144000,83.9836492010405
"1399",173000,119.936826458566
"1400",192000,187.848383500557
"1401",245000,141.583054626533
"1402",241500,126.625789669268
"1403",256000,154.496469713861
"1404",177000,126.068376068376
"1405",125600,100.24154589372
"1406",155000,101.635079895949
"1407",240000,219.063545150502
"1408",260000,141.025641025641
"1409",185000,155.518394648829
"1410",235000,195.837978446674
"1411",159900,140.189520624303
"1412",99600,80.2675585284281
"1413",134500,117.892976588629
"1414",119000,126.997398736529
"1415",107500,125.139353400223
"1416",125000,108.138238573021
"1417",79000,101.82088442958
"1418",95000,103.21441843181
"1419",262280,216.369379412858
"1420",260000,261.426978818283
"1421",226500,151.059085841695
"1422",225000,204.384986993683
"1423",229000,189.241917502787
"1424",177439,125.975473801561
"1425",248500,150.037160906726
"1426",475000,211.445559271646
"1427",395039,164.065403195838
"1428",228000,194.816053511706
"1429",225000,140.375325157934
"1430",195000,152.638424377555
"1431",200000,156.819026384244
"1432",155000,91.9732441471572
"1433",144000,102.099591230026
"1434",145000,91.9732441471572
"1435",226001,131.73541434411
"1436",215700,164.529914529915
"1437",207500,153.474544778893
"1438",193000,166.295057599405
"1439",188000,160.163507989595
"1440",191000,137.402452619844
"1441",221000,138.795986622074
"1442",231500,166.480862133036
"1443",235000,169.360832404311
"1444",223500,165.923448532144
"1445",130250,87.1423262727611
"1446",149900,91.5087328130806
"1447",158000,109.067261241174
"1448",147000,95.3177257525084
"1449",143195,99.9628390932739
"1450",163000,144.741731698253
"1451",110000,85.8416945373467
"1452",127000,80.2675585284281
"1453",124900,72.463768115942
"1454",230000,166.759568933482
"1455",237000,188.684503901895
"1456",235000,173.262727610554
"1457",230500,200.761798587886
"1458",230000,172.054998141955
"1459",222500,188.684503901895
"1460",287000,210.237829803047
"1461",274000,180.880713489409
"1462",300000,165.923448532144
"1463",255900,212.746191007061
"1464",224900,164.251207729469
"1465",240000,216.183574879227
"1466",183000,152.359717577109
"1467",207000,163.879598662207
"1468",210000,177.257525083612
"1469",136500,78.7811222593831
"1470",145000,78.7811222593831
"1471",208900,138.703084355258
"1472",185000,170.75436640654
"1473",214000,142.697881828317
"1474",208500,158.862876254181
"1475",186500,134.243775548123
"1476",210000,133.407655146786
"1477",185900,146.971386101821
"1478",179900,114.641397250093
"1479",218836,145.299145299145
"1480",193000,126.439985135637
"1481",189000,135.265700483092
"1482",149300,78.7811222593831
"1483",141000,78.7811222593831
"1484",149000,78.7811222593831
"1485",144500,78.7811222593831
"1486",85000,73.950204384987
"1487",145900,204.384986993683
"1488",123000,101.449275362319
"1489",147500,116.68524712003
"1490",165000,95.9680416202155
"1491",135000,104.700854700855
"1492",108000,92.5306577480491
"1493",137500,109.717577108881
"1494",165400,153.846153846154
"1495",147000,103.771832032702
"1496",160500,129.877369007804
"1497",176000,105.165366034931
"1498",284700,354.886659234485
"1499",160000,524.154589371981
"1500",148000,99.5912300260126
"1501",82000,107.023411371237
"1502",82000,107.023411371237
"1503",118000,133.779264214047
"1504",82500,107.023411371237
"1505",91900,72.8353771832033
"1506",120000,97.8260869565217
"1507",96000,105.629877369008
"1508",99000,86.3991081382386
"1509",130500,111.482720178372
"1510",135000,136.566332218506
"1511",135500,129.412857673727
"1512",100000,111.854329245634
"1513",108000,120.029728725381
"1514",98000,80.2675585284281
"1515",67000,80.2675585284281
"1516",135900,159.420289855072
"1517",140000,137.68115942029
"1518",179500,203.64176885916
"1519",136500,157.376439985136
"1520",168000,132.292827945002
"1521",130000,182.460052025269
"1522",189000,241.638795986622
"1523",161900,178.372352285396
"1524",145000,122.259383128948
"1525",191000,237.365291713118
"1526",177000,156.075808249721
"1527",147500,117.428465254552
"1528",91000,73.3927907840951
"1529",231000,140.468227424749
"1530",115000,152.266815310294
"1531",138000,148.922333704942
"1532",149000,139.539204756596
"1533",188700,154.217762913415
"1534",198000,180.044593088071
"1535",110000,127.647714604236
"1536",104000,101.356373095504
"1537",257076,174.005945745076
"1538",381000,320.234113712375
"1539",311500,181.531029357116
"1540",263400,200.761798587886
"1541",236500,176.328502415459
"1542",224000,152.359717577109
"1543",116500,95.8751393534002
"1544",151000,144.555927164623
"1545",126000,85.3771832032702
"1546",120000,101.263470828688
"1547",55000,73.950204384987
"1548",120500,75.8082497212932
"1549",120500,72.2779635823114
"1550",119000,111.482720178372
"1551",126000,153.846153846154
"1552",99500,84.726867335563
"1553",165500,181.623931623932
"1554",13100,68.0973615756224
"1555",89000,126.439985135637
"1556",40000,122.352285395764
"1557",80900,97.4544778892605
"1558",81000,83.0546265328874
"1559",65000,80.2675585284281
"1560",392500,153.474544778893
"1561",294464,153.102935711631
"1562",250000,152.917131178001
"1563",275000,152.917131178001
"1564",300000,188.777406168711
"1565",271000,156.911928651059
"1566",213000,169.082125603865
"1567",171000,103.864734299517
"1568",171500,118.821999256782
"1569",100000,173.913043478261
"1570",228500,156.911928651059
"1571",228950,165.923448532144
"1572",241500,139.446302489781
"1573",287000,269.230769230769
"1574",294000,142.790784095132
"1575",293077,152.917131178001
"1576",264966,165.366034931252
"1577",172500,133.965068747677
"1578",167500,129.505759940543
"1579",218689,149.75845410628
"1580",150000,138.888888888889
"1581",184000,153.381642512077
"1582",180000,116.68524712003
"1583",175000,140.189520624303
"1584",232500,133.779264214047
"1585",195000,155.611296915645
"1586",305000,210.144927536232
"1587",298751,160.535117056856
"1588",370000,182.460052025269
"1589",209200,124.860646599777
"1590",206300,124.860646599777
"1591",146000,101.449275362319
"1592",160500,110.460795243404
"1593",173000,111.482720178372
"1594",124000,96.6183574879227
"1595",115000,121.144555927165
"1596",129500,137.030843552583
"1597",105000,91.7874396135266
"1598",94900,91.7874396135266
"1599",152500,107.76662950576
"1600",98000,101.449275362319
"1601",81000,58.5284280936455
"1602",113000,91.7874396135266
"1603",128500,75.8082497212932
"1604",119500,85.7487922705314
"1605",130500,75.8082497212932
"1606",138000,75.8082497212932
"1607",134500,78.5024154589372
"1608",160000,162.578966926793
"1609",137500,82.5901151988108
"1610",172000,182.831661092531
"1611",103000,170.56856187291
"1612",167300,147.435897435897
"1613",167000,118.636194723151
"1614",244000,206.521739130435
"1615",268000,205.964325529543
"1616",225000,160.999628390933
"1617",168000,146.042363433668
"1618",177000,136.566332218506
"1619",169000,148.643626904496
"1620",161500,128.576737272389
"1621",251000,153.474544778893
"1622",160000,157.376439985136
"1623",180000,159.234485321442
"1624",178750,144.277220364177
"1625",176000,116.406540319584
"1626",204000,213.582311408398
"1627",160000,110.274990709773
"1628",160000,136.752136752137
"1629",163900,137.68115942029
"1630",168000,152.54552211074
"1631",154204,104.79375696767
"1632",170000,101.077666295058
"1633",207500,194.165737643999
"1634",182000,109.531772575251
"1635",212000,122.723894463025
"1636",377426,178.558156819026
"1637",349265,236.064659977703
"1638",591587,217.205499814195
"1639",155000,132.292827945002
"1640",319900,149.75845410628
"1641",392000,131.828316610925
"1642",441929,207.543664065403
"1643",455000,189.706428836864
"1644",182900,133.779264214047
"1645",174000,119.286510590858
"1646",178000,173.541434411
"1647",176000,137.402452619844
"1648",213000,154.589371980676
"1649",192000,179.301374953549
"1650",190000,182.924563359346
"1651",195000,188.59160163508
"1652",148000,95.8751393534002
"1653",151500,109.34596804162
"1654",197000,160.25641025641
"1655",192350,125.696767001115
"1656",152000,150.501672240803
"1657",170000,113.340765514679
"1658",175000,137.86696395392
"1659",175000,161.928651059086
"1660",197900,179.765886287625
"1661",174000,123.002601263471
"1662",178900,174.377554812337
"1663",139000,103.028613898179
"1664",143250,91.1371237458194
"1665",184000,137.402452619844
"1666",155000,132.107023411371
"1667",133000,84.9126718691936
"1668",119500,88.2571534745448
"1669",123000,81.0107766629506
"1670",110000,79.7101449275362
"1671",128000,84.9126718691936
"1672",120500,80.2675585284281
"1673",133000,71.256038647343
"1674",155000,124.21033073207
"1675",177000,124.21033073207
"1676",113500,101.449275362319
"1677",113000,113.154960981048
"1678",113700,113.154960981048
"1679",106000,120.958751393534
"1680",122500,126.811594202899
"1681",128000,89.0003716090673
"1682",155000,143.8127090301
"1683",142500,98.0118914901524
"1684",129250,91.7874396135266
"1685",356000,168.710516536604
"1686",314813,169.825343738387
"1687",318000,157.376439985136
"1688",322400,157.376439985136
"1689",318000,161.092530657748
"1690",345474,197.138610182088
"1691",415298,197.045707915273
"1692",492000,246.748420661464
"1693",338931,236.900780379041
"1694",450000,190.078037904125
"1695",280000,201.783723522854
"1696",479069,237.086584912672
"1697",395000,183.296172426607
"1698",380000,245.540691192865
"1699",250000,151.802303976217
"1700",440000,183.574879227053
"1701",418000,256.224451876626
"1702",500067,212.746191007061
"1703",260116,199.925678186548
"1704",317000,229.747305834262
"1705",319500,195.094760312152
"1706",325624,200.761798587886
"1707",372000,167.409884801189
"1708",342000,274.619100706057
"1709",354000,229.282794500186
"1710",350000,221.571906354515
"1711",285000,220.549981419547
"1712",281500,168.896321070234
"1713",245700,149.944258639911
"1714",232698,159.884801189149
"1715",250000,169.825343738387
"1716",194700,126.532887402453
"1717",204000,120.958751393534
"1718",200000,120.958751393534
"1719",207000,126.532887402453
"1720",209500,144.370122630992
"1721",209500,144.370122630992
"1722",202500,127.276105536975
"1723",280000,146.506874767744
"1724",277500,145.020438498699
"1725",318061,173.634336677815
"1726",221370,123.002601263471
"1727",200000,130.527684875511
"1728",181755,138.981791155704
"1729",176000,142.697881828317
"1730",178900,137.86696395392
"1731",168165,135.451505016722
"1732",171925,138.888888888889
"1733",198444,162.207357859532
"1734",203000,123.188405797101
"1735",179540,135.265700483092
"1736",176485,120.958751393534
"1737",181134,124.489037532516
"1738",156932,131.178000743218
"1739",166000,139.725009290227
"1740",177594,135.265700483092
"1741",173500,116.87105165366
"1742",172500,116.87105165366
"1743",194201,130.248978075065
"1744",226500,147.621701969528
"1745",185485,117.614269788183
"1746",259000,142.140468227425
"1747",188500,103.957636566332
"1748",175000,127.647714604236
"1749",215000,181.995540691193
"1750",206580,141.675956893348
"1751",183500,159.791898922334
"1752",165500,129.505759940543
"1753",211000,180.973615756224
"1754",181000,157.004830917874
"1755",219500,185.340022296544
"1756",175000,153.010033444816
"1757",170000,132.850241545894
"1758",162000,122.63099219621
"1759",187000,157.004830917874
"1760",185000,152.73132664437
"1761",745000,415.830546265329
"1762",384500,236.993682645857
"1763",248000,212.281679672984
"1764",466500,244.611668524712
"1765",410000,285.953177257525
"1766",322500,239.873652917131
"1767",252000,221.571906354515
"1768",755000,400.966183574879
"1769",269790,187.01226309922
"1770",315750,222.779635823114
"1771",290000,234.113712374582
"1772",290000,235.13563730955
"1773",430000,299.888517279822
"1774",263000,204.570791527313
"1775",330000,235.785953177258
"1776",213133,127.18320327016
"1777",260261,143.255295429208
"1778",320000,176.978818283166
"1779",282922,136.008918617614
"1780",215000,142.512077294686
"1781",419005,182.6458565589
"1782",255000,151.988108509848
"1783",147000,166.759568933482
"1784",235876,141.954663693794
"1785",311872,160.349312523226
"1786",248328,156.911928651059
"1787",227000,147.528799702713
"1788",260000,142.883686361947
"1789",225000,138.981791155704
"1790",249000,139.910813823857
"1791",307000,157.376439985136
"1792",250000,183.667781493868
"1793",221300,170.011148272018
"1794",208900,124.303232998885
"1795",210400,124.024526198439
"1796",255000,166.480862133036
"1797",212109,147.528799702713
"1798",270000,181.995540691193
"1799",303477,242.47491638796
"1800",310013,174.656261612783
"1801",249700,153.846153846154
"1802",227875,163.600891861761
"1803",261329,147.157190635452
"1804",253000,156.540319583798
"1805",265000,226.960237829803
"1806",340000,229.096989966555
"1807",146000,102.192493496841
"1808",147000,106.1872909699
"1809",149000,101.635079895949
"1810",181000,138.052768487551
"1811",201000,159.884801189149
"1812",191750,169.082125603865
"1813",179000,125.325157933854
"1814",215000,138.795986622074
"1815",179200,146.321070234114
"1816",128000,117.614269788183
"1817",144000,82.1256038647343
"1818",144000,187.662578966927
"1819",120750,83.0546265328874
"1820",132500,90.115198810851
"1821",132000,98.197696023783
"1822",132500,92.809364548495
"1823",129000,104.050538833148
"1824",143900,157.562244518766
"1825",145000,96.6183574879227
"1826",128500,91.7874396135266
"1827",125500,83.7978446674099
"1828",300000,232.534373838722
"1829",294000,201.319212188777
"1830",129000,96.3396506874768
"1831",171000,158.026755852843
"1832",147000,98.0118914901524
"1833",302000,261.055369751022
"1834",285000,266.815310293571
"1835",214000,128.019323671498
"1836",166000,106.930509104422
"1837",193800,145.392047565961
"1838",208900,125.6038647343
"1839",194000,125.6038647343
"1840",207500,143.998513563731
"1841",199900,115.2917131178
"1842",164700,116.127833519138
"1843",176500,139.446302489781
"1844",176000,135.451505016722
"1845",168500,140.468227424749
"1846",177000,146.135265700483
"1847",177000,141.675956893348
"1848",148800,102.378298030472
"1849",174000,133.872166480862
"1850",239000,181.159420289855
"1851",204000,126.161278335191
"1852",301000,190.263842437755
"1853",312500,219.435154217763
"1854",279700,138.795986622074
"1855",255000,219.435154217763
"1856",194000,133.036046079524
"1857",218000,133.500557413601
"1858",213750,120.308435525827
"1859",187000,172.333704942401
"1860",181500,117.242660720922
"1861",373000,231.97696023783
"1862",190000,243.403939056113
"1863",226000,179.208472686734
"1864",143450,107.023411371237
"1865",240050,223.987365291713
"1866",162500,100.520252694166
"1867",164000,120.308435525827
"1868",185000,149.57264957265
"1869",188500,148.086213303605
"1870",255000,192.772203641769
"1871",136905,156.075808249721
"1872",158500,101.542177629134
"1873",175500,115.384615384615
"1874",127000,97.7331846897064
"1875",127000,102.842809364549
"1876",143000,112.783351913787
"1877",156000,99.684132292828
"1878",144000,124.860646599777
"1879",119000,160.535117056856
"1880",103000,113.71237458194
"1881",139900,132.107023411371
"1882",151500,89.0003716090673
"1883",126500,98.9409141583055
"1884",145000,105.722779635823
"1885",120000,84.726867335563
"1886",124000,99.7770345596433
"1887",106500,81.9397993311037
"1888",140500,110.274990709773
"1889",137500,89.5577852099591
"1890",117600,83.0546265328874
"1891",163500,111.482720178372
"1892",161000,96.8041620215533
"1893",158000,120.958751393534
"1894",224500,200.111482720178
"1895",147000,127.647714604236
"1896",200000,153.474544778893
"1897",181900,132.757339279078
"1898",150750,123.281308063917
"1899",101800,113.71237458194
"1900",124000,86.5849126718692
"1901",138500,84.3552582683018
"1902",39300,31.0293571163136
"1903",64500,61.8729096989967
"1904",64000,62.2445187662579
"1905",112000,75.0650315867707
"1906",165000,183.667781493868
"1907",144000,106.837606837607
"1908",137000,178.372352285396
"1909",105000,127.833519137867
"1910",146500,152.73132664437
"1911",126000,144.927536231884
"1912",175000,118.914901523597
"1913",158500,116.499442586399
"1914",114500,84.726867335563
"1915",144000,141.583054626533
"1916",129000,221.107395020439
"1917",141000,86.9565217391304
"1918",131000,93.6454849498328
"1919",142100,97.8260869565217
"1920",139000,98.1047937569677
"1921",157900,133.965068747677
"1922",139400,98.1047937569677
"1923",150000,115.570419918246
"1924",120000,106.280193236715
"1925",174850,159.884801189149
"1926",116000,85.6558900037161
"1927",135000,97.3615756224452
"1928",163500,153.939056112969
"1929",130000,131.085098476403
"1930",129500,112.969156447417
"1931",142000,107.209215904868
"1932",128600,144.927536231884
"1933",125000,88.0713489409142
"1934",136000,96.6183574879227
"1935",134500,93.6454849498328
"1936",127000,85.934596804162
"1937",130000,126.347082868822
"1938",115000,143.069490895578
"1939",116900,85.934596804162
"1940",132000,86.213303604608
"1941",153000,153.010033444816
"1942",112500,85.8416945373467
"1943",138000,143.441099962839
"1944",135000,82.9617242660721
"1945",156000,160.535117056856
"1946",301600,286.696395392048
"1947",109000,96.0609438870308
"1948",103200,81.9397993311037
"1949",128500,119.007803790412
"1950",64500,89.9293942772204
"1951",148000,142.512077294686
"1952",86000,64.1954663693794
"1953",172000,153.381642512077
"1954",120000,82.4972129319955
"1955",128500,88.4429580081754
"1956",135000,193.236714975845
"1957",122900,85.8416945373467
"1958",119200,100.520252694166
"1959",143000,171.497584541063
"1960",119000,91.7874396135266
"1961",102000,115.013006317354
"1962",129000,80.2675585284281
"1963",135000,105.351170568562
"1964",152000,96.6183574879227
"1965",140000,108.695652173913
"1966",152000,115.384615384615
"1967",156500,127.926421404682
"1968",141000,167.224080267559
"1969",99000,85.934596804162
"1970",187000,171.962095875139
"1971",169500,168.338907469342
"1972",125500,80.2675585284281
"1973",130000,86.9565217391304
"1974",103000,89.1861761426979
"1975",132000,133.036046079524
"1976",127500,120.401337792642
"1977",89500,94.9461166852471
"1978",140000,86.9565217391304
"1979",99900,89.8364920104051
"1980",100000,97.2686733556299
"1981",130000,99.5912300260126
"1982",135000,109.067261241174
"1983",120000,109.903381642512
"1984",89471,105.072463768116
"1985",85000,106.001486436269
"1986",108500,89.1861761426979
"1987",137000,167.038275733928
"1988",110500,80.4533630620587
"1989",100000,89.9293942772204
"1990",184900,164.62281679673
"1991",145000,152.54552211074
"1992",125000,136.752136752137
"1993",114000,114.455592716462
"1994",90000,217.11259754738
"1995",144100,153.288740245262
"1996",117500,205.314009661836
"1997",124500,126.161278335191
"1998",185000,227.982162764771
"1999",133900,212.839093273876
"2000",152000,150.130063173541
"2001",153500,144.834633965069
"2002",159500,237.272389446302
"2003",87000,115.942028985507
"2004",104500,89.9293942772204
"2005",110000,128.390932738759
"2006",136500,98.4764028242289
"2007",128250,133.31475287997
"2008",144000,108.416945373467
"2009",210000,151.895206243032
"2010",135000,118.357487922705
"2011",128000,114.455592716462
"2012",131000,113.154960981048
"2013",113000,82.1256038647343
"2014",126000,130.899293942772
"2015",132000,122.81679672984
"2016",131750,132.478632478632
"2017",132500,119.007803790412
"2018",137500,140.561129691564
"2019",132000,79.338535860275
"2020",127500,126.997398736529
"2021",102000,91.601635079896
"2022",200000,210.330732069863
"2023",180500,169.453734671126
"2024",165000,127.833519137867
"2025",90000,122.259383128948
"2026",153575,129.691564474173
"2027",140000,124.860646599777
"2028",136000,234.671125975474
"2029",113000,108.974358974359
"2030",117000,112.783351913787
"2031",169500,168.896321070234
"2032",139400,102.935711631364
"2033",202500,213.117800074322
"2034",127000,125.882571534745
"2035",141000,127.740616871052
"2036",212300,181.345224823486
"2037",161000,202.526941657376
"2038",99500,122.166480862133
"2039",101000,103.21441843181
"2040",109900,111.111111111111
"2041",128500,128.390932738759
"2042",122000,175.492382014121
"2043",87000,78.0379041248606
"2044",50000,137.86696395392
"2045",219000,210.609438870308
"2046",200500,286.696395392048
"2047",126000,105.351170568562
"2048",108500,119.100706057228
"2049",130000,92.809364548495
"2050",158450,134.894091415831
"2051",115400,93.3667781493868
"2052",118500,95.5964325529543
"2053",165000,94.7603121516165
"2054",123000,96.6183574879227
"2055",129000,84.8197696023783
"2056",125000,83.0546265328874
"2057",108000,88.0713489409142
"2058",119900,80.6391675956893
"2059",115000,83.3333333333333
"2060",134500,87.6068376068376
"2061",127000,88.7216648086213
"2062",129000,83.0546265328874
"2063",143500,119.379412857674
"2064",129000,84.726867335563
"2065",187000,127.740616871052
"2066",158000,246.562616127834
"2067",112000,131.549609810479
"2068",165250,120.958751393534
"2069",150000,120.680044593088
"2070",137000,109.253065774805
"2071",89500,92.7164622816797
"2072",302000,169.453734671126
"2073",182000,141.397250092902
"2074",211000,191.378669639539
"2075",216000,123.095503530286
"2076",130000,151.430694908956
"2077",109900,115.384615384615
"2078",255000,225.009290226682
"2079",243000,200.48309178744
"2080",154000,151.059085841695
"2081",118000,80.2675585284281
"2082",80000,87.6068376068376
"2083",150000,133.779264214047
"2084",86000,56.2058714232627
"2085",130000,96.4325529542921
"2086",125000,124.674842066146
"2087",136500,137.495354886659
"2088",96000,126.532887402453
"2089",120000,124.489037532516
"2090",228500,169.267930137495
"2091",179900,133.965068747677
"2092",225000,208.379784466741
"2093",301000,253.623188405797
"2094",238000,197.603121516165
"2095",228500,184.132292827945
"2096",220000,181.902638424378
"2097",383970,250.464511334077
"2098",424870,262.727610553698
"2099",250000,153.381642512077
"2100",360000,198.810850984764
"2101",279500,138.795986622074
"2102",200141,122.259383128948
"2103",246500,153.381642512077
"2104",276000,239.130434782609
"2105",203000,118.357487922705
"2106",155835,135.265700483092
"2107",194000,115.198810850985
"2108",195400,112.225938312895
"2109",217000,143.62690449647
"2110",212999,139.353400222965
"2111",175900,117.985878855444
"2112",191000,166.759568933482
"2113",176432,122.073578595318
"2114",277000,191.56447417317
"2115",207000,174.005945745076
"2116",277000,199.182460052025
"2117",240000,181.438127090301
"2118",187500,193.887030843553
"2119",279000,161.928651059086
"2120",139500,94.9461166852471
"2121",126000,91.9732441471572
"2122",177500,111.482720178372
"2123",175000,121.516164994426
"2124",211000,166.852471200297
"2125",146000,91.9732441471572
"2126",147900,101.913786696395
"2127",123600,91.9732441471572
"2128",204750,165.923448532144
"2129",235500,174.005945745076
"2130",217000,162.857673727239
"2131",190550,157.004830917874
"2132",217500,171.125975473802
"2133",226000,137.402452619844
"2134",180000,154.960981047938
"2135",131000,83.0546265328874
"2136",153500,95.2248234856931
"2137",160000,93.7383872166481
"2138",134900,96.6183574879227
"2139",130000,84.2623560014864
"2140",120000,81.6610925306578
"2141",112500,81.9397993311037
"2142",122000,90.0222965440357
"2143",127000,80.2675585284281
"2144",117000,81.2894834633965
"2145",305900,185.804533630621
"2146",228500,201.505016722408
"2147",270000,155.425492382014
"2148",192000,135.544407283538
"2149",213000,179.48717948718
"2150",200000,160.628019323672
"2151",267000,227.796358231141
"2152",228000,147.900408769974
"2153",275000,226.588628762542
"2154",211000,185.061315496098
"2155",285000,154.960981047938
"2156",240000,194.165737643999
"2157",131500,78.7811222593831
"2158",246900,124.581939799331
"2159",219500,179.115570419918
"2160",185000,124.21033073207
"2161",179400,137.123745819398
"2162",213500,166.945373467113
"2163",179600,132.107023411371
"2164",173500,110.553697510219
"2165",167840,123.560014864363
"2166",168675,138.517279821628
"2167",167000,142.697881828317
"2168",140000,112.783351913787
"2169",118500,86.9565217391304
"2170",110000,101.077666295058
"2171",94750,89.1861761426979
"2172",122000,125.510962467484
"2173",110000,109.531772575251
"2174",118500,75.8082497212932
"2175",133500,96.989966555184
"2176",148000,103.40022296544
"2177",141000,207.450761798588
"2178",155000,104.515050167224
"2179",157000,101.263470828688
"2180",171500,130.806391675957
"2181",183850,473.337049424006
"2182",184750,434.410999628391
"2183",140000,99.5912300260126
"2184",131750,89.1861761426979
"2185",61500,107.023411371237
"2186",111000,88.0713489409142
"2187",98500,111.018208844296
"2188",79000,71.9063545150502
"2189",108500,80.3604607952434
"2190",110000,83.0546265328874
"2191",112000,125.046451133408
"2192",125000,71.3489409141583
"2193",79275,80.2675585284281
"2194",119000,88.0713489409142
"2195",200000,315.403195837978
"2196",150000,240.802675585284
"2197",165000,139.539204756596
"2198",96500,73.2998885172798
"2199",136500,132.107023411371
"2200",146500,120.587142326273
"2201",175000,164.251207729469
"2202",148500,102.006688963211
"2203",141500,133.407655146786
"2204",189950,132.478632478632
"2205",135000,135.730211817168
"2206",164000,152.917131178001
"2207",90350,64.4741731698253
"2208",139000,116.127833519138
"2209",119750,88.628762541806
"2210",145000,181.902638424378
"2211",145000,185.990338164251
"2212",238000,159.606094388703
"2213",153500,113.89817911557
"2214",239000,243.775548123374
"2215",359100,296.729840208101
"2216",188000,163.04347826087
"2217",220000,184.968413229283
"2218",140000,125.882571534745
"2219",315000,253.344481605351
"2220",259500,215.53325901152
"2221",257500,170.847268673356
"2222",219500,161.64994425864
"2223",217000,209.866220735786
"2224",201000,144.927536231884
"2225",215000,138.238573021182
"2226",123900,97.0828688219993
"2227",170000,156.075808249721
"2228",200000,94.7603121516165
"2229",198000,157.562244518766
"2230",200624,233.649201040505
"2231",315000,253.251579338536
"2232",115000,140.932738758826
"2233",141000,112.876254180602
"2234",87000,74.6005202526942
"2235",129850,148.736529171312
"2236",100000,104.329245633593
"2237",150909,169.825343738387
"2238",75200,75.8082497212932
"2239",118400,94.017094017094
"2240",67000,100.055741360089
"2241",152000,144.741731698253
"2242",68104,78.5024154589372
"2243",119600,184.968413229283
"2244",140000,99.684132292828
"2245",124900,92.9951690821256
"2246",375000,150.966183574879
"2247",235000,150.966183574879
"2248",183500,120.680044593088
"2249",156000,84.726867335563
"2250",134000,100.334448160535
"2251",215000,129.319955406912
"2252",245000,130.899293942772
"2253",210000,137.309550353029
"2254",148000,85.2842809364548
"2255",143000,95.3177257525084
"2256",244000,139.446302489781
"2257",330000,139.539204756596
"2258",170000,123.374210330732
"2259",257000,211.724266072092
"2260",231713,156.911928651059
"2261",267300,145.299145299145
"2262",265900,137.86696395392
"2263",239000,145.949461166852
"2264",248900,152.917131178001
"2265",174000,115.198810850985
"2266",187500,159.513192121888
"2267",204000,163.136380527685
"2268",180500,121.887774061687
"2269",187500,106.465997770346
"2270",282000,178.558156819026
"2271",178000,138.517279821628
"2272",270000,151.33779264214
"2273",279900,230.955035302861
"2274",186700,146.042363433668
"2275",283463,164.994425863991
"2276",392000,169.453734671126
"2277",281213,230.5834262356
"2278",147000,104.050538833148
"2279",130000,188.963210702341
"2280",140000,86.9565217391304
"2281",132250,96.6183574879227
"2282",143000,151.616499442586
"2283",168000,150.687476774433
"2284",129900,98.4764028242289
"2285",134000,106.094388703084
"2286",85500,101.449275362319
"2287",106500,92.1590486807878
"2288",93900,101.449275362319
"2289",75000,101.449275362319
"2290",84500,58.5284280936455
"2291",75190,101.449275362319
"2292",146800,98.6622073578595
"2293",153500,93.6454849498328
"2294",188000,125.975473801561
"2295",196000,155.70419918246
"2296",157000,133.036046079524
"2297",138000,73.950204384987
"2298",129500,71.3489409141583
"2299",80000,149.386845039019
"2300",129500,78.5024154589372
"2301",135000,109.438870308436
"2302",124500,75.8082497212932
"2303",139000,75.8082497212932
"2304",93500,90.4868078781122
"2305",124500,82.4043106651802
"2306",149900,120.122630992196
"2307",157500,95.1319212188777
"2308",169000,166.945373467113
"2309",252000,129.134150873281
"2310",192100,171.962095875139
"2311",183500,141.675956893348
"2312",222000,207.729468599034
"2313",170000,155.239687848384
"2314",187500,139.167595689335
"2315",202000,164.994425863991
"2316",185000,140.375325157934
"2317",320000,228.725380899294
"2318",240000,155.146785581568
"2319",250000,191.7502787068
"2320",239900,167.316982534374
"2321",309000,205.499814195466
"2322",274725,187.755481233742
"2323",270000,249.628390932739
"2324",183500,108.602749907098
"2325",165600,139.446302489781
"2326",176500,151.616499442586
"2327",130000,111.854329245634
"2328",239000,164.158305462653
"2329",275000,161.835748792271
"2330",457347,259.940542549238
"2331",545224,314.938684503902
"2332",356383,229.747305834262
"2333",556581,266.44370122631
"2334",361919,239.316239316239
"2335",535000,250.650315867707
"2336",401179,259.661835748792
"2337",438780,273.597175771089
"2338",169000,215.53325901152
"2339",145000,98.1047937569677
"2340",318000,159.234485321442
"2341",319000,169.639539204757
"2342",470000,185.804533630621
"2343",202500,150.594574507618
"2344",229000,202.805648457822
"2345",235000,210.237829803047
"2346",190000,146.228167967298
"2347",169000,102.378298030472
"2348",241500,173.913043478261
"2349",188900,172.519509476031
"2350",207500,156.633221850613
"2351",250000,258.639910813824
"2352",179900,144.184318097362
"2353",172000,100.613154960981
"2354",294323,215.347454477889
"2355",184500,174.191750278707
"2356",153500,99.7770345596433
"2357",162900,154.589371980676
"2358",181000,121.609067261241
"2359",155000,102.471200297287
"2360",138800,101.82088442958
"2361",116050,80.2675585284281
"2362",88000,79.7101449275362
"2363",97500,81.1965811965812
"2364",190000,131.828316610925
"2365",105500,101.449275362319
"2366",125500,126.811594202899
"2367",83000,91.6945373467113
"2368",116000,95.6893348197696
"2369",91500,113.154960981048
"2370",118000,113.154960981048
"2371",89000,88.0713489409142
"2372",108000,101.449275362319
"2373",94500,91.6945373467113
"2374",146300,99.3125232255667
"2375",145000,128.855444072835
"2376",123000,83.6120401337793
"2377",137500,98.0118914901524
"2378",144000,135.265700483092
"2379",315000,183.946488294314
"2380",412083,240.523968784838
"2381",342643,241.174284652546
"2382",252000,150.315867707172
"2383",465000,192.865105908584
"2384",293000,161.64994425864
"2385",415000,173.541434411
"2386",326000,171.869193608324
"2387",325300,220.735785953177
"2388",309000,227.796358231141
"2389",300000,204.942400594575
"2390",275500,194.908955778521
"2391",338500,194.258639910814
"2392",345000,215.904868078781
"2393",344133,209.308807134894
"2394",298236,221.943515421776
"2395",329900,219.063545150502
"2396",360000,180.602006688963
"2397",281000,183.017465626161
"2398",372397,166.480862133036
"2399",378000,165.366034931252
"2400",374000,166.480862133036
"2401",437154,253.437383872166
"2402",275000,176.885916016351
"2403",279000,177.814938684504
"2404",185850,126.718691936083
"2405",282500,145.392047565961
"2406",202500,127.090301003344
"2407",202665,127.090301003344
"2408",332200,156.633221850613
"2409",310090,154.775176514307
"2410",171750,130.527684875511
"2411",169990,122.259383128948
"2412",170440,135.265700483092
"2413",169985,138.610182088443
"2414",179665,138.981791155704
"2415",219210,173.076923076923
"2416",174190,123.188405797101
"2417",172785,135.265700483092
"2418",258000,220.457079152731
"2419",185101,138.610182088443
"2420",210250,126.718691936083
"2421",234000,144.648829431438
"2422",215000,135.265700483092
"2423",246990,140.375325157934
"2424",178740,131.363805276849
"2425",225000,143.8127090301
"2426",167240,115.942028985507
"2427",156820,106.094388703084
"2428",213490,139.910813823857
"2429",264561,145.577852099591
"2430",246578,139.353400222965
"2431",192140,170.75436640654
"2432",183200,140.189520624303
"2433",178000,131.363805276849
"2434",201490,148.457822370866
"2435",230500,179.858788554441
"2436",180000,140.189520624303
"2437",172400,154.589371980676
"2438",215000,175.492382014121
"2439",199900,175.213675213675
"2440",173000,155.239687848384
"2441",287602,215.719063545151
"2442",230000,212.839093273876
"2443",348000,222.222222222222
"2444",286000,183.574879227053
"2445",300000,207.543664065403
"2446",625000,336.95652173913
"2447",405000,265.235971757711
"2448",280000,178.743961352657
"2449",258000,210.237829803047
"2450",350000,253.251579338536
"2451",584500,325.157933853586
"2452",321000,231.698253437384
"2453",290000,234.671125975474
"2454",315000,260.033444816054
"2455",252000,182.460052025269
"2456",336820,155.146785581568
"2457",423000,194.816053511706
"2458",290000,154.217762913415
"2459",232000,150.130063173541
"2460",199000,139.725009290227
"2461",198600,118.729096989967
"2462",405749,245.261984392419
"2463",232600,138.331475287997
"2464",266000,180.137495354887
"2465",186500,144.277220364177
"2466",200825,159.420289855072
"2467",197000,146.413972500929
"2468",185000,117.242660720922
"2469",176000,117.614269788183
"2470",187750,120.865849126719
"2471",139500,106.094388703084
"2472",186800,130.063173541434
"2473",132000,105.072463768116
"2474",142500,106.001486436269
"2475",158000,107.580824972129
"2476",184000,156.633221850613
"2477",184900,147.250092902267
"2478",187000,170.661464139725
"2479",175900,148.922333704942
"2480",248500,160.813823857302
"2481",172000,129.877369007804
"2482",151000,113.062058714233
"2483",150000,122.63099219621
"2484",107000,98.1047937569677
"2485",119900,89.6506874767744
"2486",129500,91.7874396135266
"2487",125000,160.535117056856
"2488",119500,153.660349312523
"2489",144000,112.504645113341
"2490",151000,112.597547380156
"2491",126000,91.4158305462653
"2492",116000,84.4481605351171
"2493",133500,85.934596804162
"2494",120875,95.1319212188777
"2495",137000,86.8636194723151
"2496",124000,84.726867335563
"2497",135000,114.827201783724
"2498",129200,87.421033073207
"2499",260000,245.819397993311
"2500",260000,224.544778892605
"2501",334000,262.541806020067
"2502",310000,234.113712374582
"2503",268000,213.210702341137
"2504",262000,150.873281308064
"2505",176400,106.1872909699
"2506",197000,115.849126718692
"2507",151000,111.482720178372
"2508",147400,113.619472315124
"2509",149900,113.619472315124
"2510",144152,111.482720178372
"2511",166000,141.583054626533
"2512",183900,134.894091415831
"2513",165000,128.390932738759
"2514",139000,100.334448160535
"2515",200000,157.376439985136
"2516",221000,145.670754366407
"2517",270000,138.795986622074
"2518",165000,112.225938312895
"2519",214000,114.734299516908
"2520",188000,96.2467484206615
"2521",190000,113.89817911557
"2522",170000,113.89817911557
"2523",385000,171.125975473802
"2524",146500,110.832404310665
"2525",170000,178.372352285396
"2526",262500,200.297287253809
"2527",179900,131.549609810479
"2528",250000,246.562616127834
"2529",165150,166.295057599405
"2530",164500,123.931623931624
"2531",140000,108.138238573021
"2532",135500,91.0442214790041
"2533",142000,97.6402824228911
"2534",155000,164.437012263099
"2535",157500,90.6726124117428
"2536",138500,97.7331846897064
"2537",140000,83.4262356001486
"2538",124400,97.6402824228911
"2539",158000,106.001486436269
"2540",146000,111.482720178372
"2541",190000,185.154217762913
"2542",136500,97.5473801560758
"2543",129900,80.2675585284281
"2544",145000,159.048680787811
"2545",185900,145.392047565961
"2546",160000,116.220735785953
"2547",167000,138.238573021182
"2548",157500,133.779264214047
"2549",140000,101.727982162765
"2550",150000,97.8260869565217
"2551",151500,115.942028985507
"2552",129800,75.8082497212932
"2553",137000,93.6454849498328
"2554",137000,96.8970642883686
"2555",121600,114.269788182832
"2556",85500,80.7320698625046
"2557",79900,69.3979933110368
"2558",127000,116.313638052768
"2559",161000,133.12894834634
"2560",146500,150.873281308064
"2561",135000,112.969156447417
"2562",137900,198.439241917503
"2563",133000,146.59977703456
"2564",137000,160.535117056856
"2565",121000,86.9565217391304
"2566",119000,147.157190635452
"2567",172000,115.756224451877
"2568",98600,114.734299516908
"2569",226000,200.390189520624
"2570",118000,104.79375696767
"2571",235000,289.111854329246
"2572",135000,93.6454849498328
"2573",132500,110.553697510219
"2574",143000,106.280193236715
"2575",132000,126.718691936083
"2576",145250,128.483835005574
"2577",162000,124.117428465255
"2578",148000,127.276105536975
"2579",141000,101.449275362319
"2580",153000,104.422147900409
"2581",134450,114.827201783724
"2582",135960,87.6068376068376
"2583",156000,97.5473801560758
"2584",140000,127.740616871052
"2585",139500,93.6454849498328
"2586",155000,146.321070234114
"2587",127000,106.37309550353
"2588",133500,93.3667781493868
"2589",125000,98.1047937569677
"2590",142000,82.1256038647343
"2591",167000,189.427722036418
"2592",159000,128.576737272389
"2593",180000,245.261984392419
"2594",127000,121.887774061687
"2595",112000,121.701969528056
"2596",99800,66.2393162393162
"2597",117000,77.3875882571535
"2598",108480,99.684132292828
"2599",68000,66.4251207729469
"2600",86900,66.8896321070234
"2601",120000,104.979561501301
"2602",155500,148.17911557042
"2603",80000,163.507989594946
"2604",105000,112.783351913787
"2605",160000,224.266072092159
"2606",170000,136.194723151245
"2607",160000,123.002601263471
"2608",159950,100.891861761427
"2609",165000,106.465997770346
"2610",159000,161.092530657748
"2611",147000,112.13303604608
"2612",115000,84.726867335563
"2613",159500,110.92530657748
"2614",120000,80.2675585284281
"2615",129900,75.8082497212932
"2616",183000,164.715719063545
"2617",157500,136.752136752137
"2618",277500,227.42474916388
"2619",207500,148.643626904496
"2620",147500,141.304347826087
"2621",135000,110.73950204385
"2622",109500,96.6183574879227
"2623",109900,96.6183574879227
"2624",133700,96.6183574879227
"2625",81400,96.6183574879227
"2626",87500,96.6183574879227
"2627",93500,96.6183574879227
"2628",119000,144.555927164623
"2629",141000,106.837606837607
"2630",146000,106.837606837607
"2631",155000,125.232255667038
"2632",134500,92.809364548495
"2633",120000,97.0828688219993
"2634",105000,80.2675585284281
"2635",124000,95.2248234856931
"2636",169000,187.105165366035
"2637",107000,123.374210330732
"2638",135000,154.960981047938
"2639",111500,153.939056112969
"2640",156500,131.549609810479
"2641",178000,152.452619843924
"2642",139900,132.664437012263
"2643",105000,93.2738758825715
"2644",110000,75.5295429208473
"2645",111500,181.25232255667
"2646",108000,95.8751393534002
"2647",111500,78.4095131921219
"2648",124000,162.578966926793
"2649",105000,80.2675585284281
"2650",116000,103.864734299517
"2651",96900,127.833519137867
"2652",135500,89.1861761426979
"2653",139000,145.484949832776
"2654",61500,45.7079152731327
"2655",120000,109.810479375697
"2656",126175,108.045336306206
"2657",64000,78.0379041248606
"2658",137000,179.115570419918
"2659",87000,164.80862133036
"2660",163000,164.251207729469
"2661",155000,195.466369379413
"2662",79000,133.779264214047
"2663",144000,157.004830917874
"2664",114504,127.090301003344
"2665",157000,163.693794128577
"2666",125000,111.482720178372
"2667",475000,335.19137866964
"2668",93500,115.942028985507
"2669",125000,89.1861761426979
"2670",64500,94.7603121516165
"2671",100000,73.2069862504645
"2672",140200,146.506874767744
"2673",202500,169.732441471572
"2674",159000,154.589371980676
"2675",119900,103.864734299517
"2676",114500,109.253065774805
"2677",115000,124.860646599777
"2678",75000,107.952434039391
"2679",88000,94.29580081754
"2680",80500,84.726867335563
"2681",149000,146.413972500929
"2682",110000,123.002601263471
"2683",110500,102.471200297287
"2684",89000,57.2277963582311
"2685",113000,97.3615756224452
"2686",109000,75.8082497212932
"2687",220000,230.955035302861
"2688",129000,89.1861761426979
"2689",117000,151.895206243032
"2690",52500,64.38127090301
"2691",107000,132.850241545894
"2692",116500,123.560014864363
"2693",72000,76.0869565217391
"2694",119500,127.833519137867
"2695",125500,126.347082868822
"2696",91000,100.055741360089
"2697",84500,70.048309178744
"2698",90000,91.4158305462653
"2699",137500,132.107023411371
"2700",150000,178.465254552211
"2701",131000,152.359717577109
"2702",130000,125.6038647343
"2703",125000,95.8751393534002
"2704",80000,81.6610925306578
"2705",157000,99.684132292828
"2706",148000,128.390932738759
"2707",90000,120.401337792642
"2708",154500,99.2196209587514
"2709",153600,98.8480118914902
"2710",164500,122.63099219621
"2711",132000,86.7707172054998
"2712",142500,98.3835005574136
"2713",158000,107.673727238945
"2714",149500,130.063173541434
"2715",165000,135.451505016722
"2716",180000,159.884801189149
"2717",160500,96.6183574879227
"2718",156500,182.738758825715
"2719",157000,181.06651802304
"2720",172500,178.372352285396
"2721",155000,167.502787068004
"2722",170000,165.273132664437
"2723",105000,81.0107766629506
"2724",145000,89.1861761426979
"2725",168000,133.500557413601
"2726",278000,170.011148272018
"2727",164000,92.9022668153103
"2728",225000,212.467484206615
"2729",130000,75.2508361204013
"2730",142500,83.0546265328874
"2731",148400,157.933853586028
"2732",190000,134.986993682646
"2733",146000,125.418060200669
"2734",128000,106.837606837607
"2735",225000,186.547751765143
"2736",274970,204.477889260498
"2737",235000,186.640654031958
"2738",415000,341.137123745819
"2739",182000,144.927536231884
"2740",135000,138.238573021182
"2741",137000,98.197696023783
"2742",136900,172.333704942401
"2743",149900,149.479747305834
"2744",123500,106.651802303976
"2745",93000,104.422147900409
"2746",91500,135.265700483092
"2747",180000,120.587142326273
"2748",209000,237.736900780379
"2749",215000,177.536231884058
"2750",224500,133.779264214047
"2751",229800,174.284652545522
"2752",183600,112.225938312895
"2753",194000,113.340765514679
"2754",193879,120.215533259012
"2755",221500,149.944258639911
"2756",204900,139.167595689335
"2757",239799,182.274247491639
"2758",233555,171.497584541063
"2759",260000,161.092530657748
"2760",294900,147.714604236343
"2761",209700,168.060200668896
"2762",225000,149.944258639911
"2763",181000,148.272017837235
"2764",220000,177.907840951319
"2765",190000,146.971386101821
"2766",180000,91.7874396135266
"2767",280000,142.419175027871
"2768",158900,128.948346339651
"2769",148000,84.9126718691936
"2770",145000,102.192493496841
"2771",187000,139.26049795615
"2772",193000,132.385730211817
"2773",156000,91.9732441471572
"2774",235000,141.675956893348
"2775",217000,138.795986622074
"2776",214000,147.528799702713
"2777",196000,162.486064659978
"2778",217000,165.273132664437
"2779",200000,172.891118543292
"2780",192500,164.994425863991
"2781",205000,143.162393162393
"2782",132500,88.628762541806
"2783",157500,128.948346339651
"2784",174000,119.100706057228
"2785",128500,90.2081010776663
"2786",128500,80.2675585284281
"2787",149900,83.0546265328874
"2788",119900,80.2675585284281
"2789",137000,122.63099219621
"2790",255000,184.782608695652
"2791",222000,163.693794128577
"2792",214000,163.04347826087
"2793",220000,126.161278335191
"2794",275000,166.01635079896
"2795",197000,177.350427350427
"2796",230000,153.660349312523
"2797",268500,205.685618729097
"2798",210900,190.356744704571
"2799",227000,180.137495354887
"2800",237000,185.340022296544
"2801",274300,194.816053511706
"2802",216837,170.56856187291
"2803",133000,78.7811222593831
"2804",155900,78.7811222593831
"2805",233230,178.27945001858
"2806",207000,129.134150873281
"2807",195000,180.973615756224
"2808",200000,157.933853586028
"2809",203160,161.371237458194
"2810",195800,149.665551839465
"2811",212900,144.184318097362
"2812",196500,159.791898922334
"2813",198000,124.117428465255
"2814",173900,139.353400222965
"2815",163990,135.265700483092
"2816",164990,121.701969528056
"2817",98000,133.407655146786
"2818",149900,136.194723151245
"2819",102000,113.340765514679
"2820",127500,94.017094017094
"2821",127500,91.0442214790041
"2822",119900,109.253065774805
"2823",196500,160.163507989595
"2824",117250,84.9126718691936
"2825",229000,214.975845410628
"2826",145000,99.5912300260126
"2827",140000,99.5912300260126
"2828",142500,99.5912300260126
"2829",134000,158.769973987365
"2830",130000,158.769973987365
"2831",130000,158.769973987365
"2832",137500,158.769973987365
"2833",130000,158.67707172055
"2834",97900,86.9565217391304
"2835",92000,124.303232998885
"2836",107000,155.053883314753
"2837",81000,109.996283909327
"2838",104900,113.433667781494
"2839",115000,80.2675585284281
"2840",125000,137.68115942029
"2841",116000,116.127833519138
"2842",83000,131.363805276849
"2843",118500,207.172054998142
"2844",35000,46.2653288740245
"2845",121000,118.26458565589
"2846",160000,179.115570419918
"2847",140000,148.17911557042
"2848",137000,144.091415830546
"2849",128000,124.489037532516
"2850",160000,137.402452619844
"2851",138887,165.737643998514
"2852",149000,140.282422891119
"2853",102000,141.397250092902
"2854",167000,151.988108509848
"2855",200100,167.409884801189
"2856",131000,136.10182088443
"2857",112000,119.65811965812
"2858",140000,159.513192121888
"2859",195000,143.998513563731
"2860",230000,140.932738758826
"2861",194000,159.513192121888
"2862",137500,109.624674842066
"2863",250000,191.099962839093
"2864",218000,155.239687848384
"2865",239000,217.855815681903
"2866",199500,149.479747305834
"2867",210000,167.316982534374
"2868",230000,168.246005202527
"2869",217500,153.010033444816
"2870",257000,215.068747677443
"2871",157000,124.117428465255
"2872",223000,171.311780007432
"2873",102000,90.6726124117428
"2874",145400,119.379412857674
"2875",72000,62.4303232998885
"2876",85000,59.5503530286139
"2877",106500,88.3500557413601
"2878",139000,152.173913043478
"2879",108000,124.117428465255
"2880",51689,67.7257525083612
"2881",35311,44.5930880713489
"2882",115000,129.691564474173
"2883",78000,86.9565217391304
"2884",375000,165.180230397622
"2885",300000,152.917131178001
"2886",242500,150.966183574879
"2887",145000,154.589371980676
"2888",209000,138.517279821628
"2889",135000,93.2738758825715
"2890",148000,112.411742846525
"2891",171000,181.995540691193
"2892",335000,234.020810107767
"2893",230000,120.308435525827
"2894",250764,153.288740245262
"2895",228000,158.584169453735
"2896",176000,105.629877369008
"2897",180000,124.3961352657
"2898",250000,233.55629877369
"2899",202000,130.34188034188
"2900",312500,167.224080267559
"2901",320000,182.088442958008
"2902",369900,188.405797101449
"2903",359900,170.75436640654
"2904",81500,148.643626904496
"2905",215000,127.090301003344
"2906",164000,112.969156447417
"2907",153500,124.21033073207
"2908",84500,105.908584169454
"2909",104500,121.144555927165
"2910",127000,137.030843552583
"2911",151400,234.206614641397
"2912",126500,81.1965811965812
"2913",146500,153.474544778893
"2914",73000,58.5284280936455
"2915",79400,101.449275362319
"2916",140000,126.347082868822
"2917",92000,58.5284280936455
"2918",87550,101.449275362319
"2919",79500,101.449275362319
"2920",90500,101.449275362319
"2921",71000,101.449275362319
"2922",150900,160.535117056856
"2923",188000,160.535117056856
"2924",160000,104.607952434039
"2925",131000,113.71237458194
"2926",142500,93.1809736157562
"2927",131000,83.7978446674099
"2928",132000,90.115198810851
"2929",170000,129.041248606466
"2930",188000,185.804533630621
